[
{"type":"header","version":"5.2.0","comment":"Export to JSON plugin for PHPMyAdmin"},
{"type":"database","name":"luanvan"},
{"type":"table","name":"bai_viet","database":"luanvan","data":
[
{"bv_ma":"1","dm_ma":"21","nd_username":"nga","bv_tieude":"Số phức là gì? Giải thích dễ hiểu về số phức","bv_noidung":"Số phức\r\nĐịnh nghĩa số phức\r\nSố phức có dạng \r\na\r\n+\r\nb\r\ni\r\na, b là các số thực\r\ni là đơn vị ảo\r\nVới \r\ni\r\n2\r\n=\r\n−\r\n1\r\nNếu ta lấy phần thực của số phức thì đó là a. Nếu ta lấy phần ảo của số phức thì đó là b.\r\n\r\nVí dụ số phức:\r\n\r\n2 + 3i –> phần thực: 2, phần ảo: 3\r\n4 - 2i\r\n-5 + i\r\n-6 - 4i\r\n1.2 + 5.1i\r\n4.4 = 4.4 + 0i –> trong trường hợp này, hệ số b của đơn vị ảo bằng 0\r\nVậy ta có thể thấy rằng số phức là trường hợp tổng quát hơn của số thực. Số thực là 1 trường hợp cụ thể của số phức (khi b = 0). Để dễ hình dung nhất về số phức. Ta tiến hành so sánh và minh họa cụ thể chúng trong không gian 2 chiều trong phần tiếp theo.\r\n\r\nĐiểm khác giữa số phức và số thực\r\nTự nhiên thêm đơn vị ảo i vào làm chi không biết (=__=), làm ta rất khó hình dung nếu chỉ nhìn cách biểu diễn con số phức và các công thức tính toán của nó. Nào ta hãy cùng biểu diễn \/ visualize con số phức đó lên không gian 2 chiều (mặt phẳng) cho dễ tưởng tượng nhé!","bv_ngaydang":"2023-08-18 16:03:10","bv_luotxem":"10","bv_diemtrungbinh":"5"},
{"bv_ma":"2","dm_ma":"13","nd_username":"nga","bv_tieude":"Đại số cơ bản là gì? Tại sao chúng ta cần học Đại số?","bv_noidung":"Đại số học? Chỉ cần nhắc đến thuật ngữ thôi cũng khiến hầu hết các sinh viên toát mồ hôi lạnh. Có quan điểm cho rằng đại số là môn học khó nhất trong toán học.\r\n\r\nĐây chỉ là một ngụy biện đơn thuần và trên thực tế, đại số là một trong những chủ đề dễ nhất trong toán học. Bài viết này nhằm giảm bớt nỗi sợ hãi và quan niệm sai lầm này của học sinh và làm cho đại số trở thành một bài học thú vị cho người mới bắt đầu.\r\n\r\n","bv_ngaydang":"2023-08-18 16:04:49","bv_luotxem":"102","bv_diemtrungbinh":"3"},
{"bv_ma":"3","dm_ma":"13","nd_username":"quyen","bv_tieude":"Đa thức","bv_noidung":"Trong toán học, đa thức là biểu thức bao gồm các biến và các hệ số, và chỉ dùng các phép cộng, phép trừ, phép nhân, và lũy thừa với số mũ tự nhiên của các biến. Một ví dụ về đa thức trong biến x là x2 − 4x + 3. Ví dụ về đa thức có ba biến là x2 + 3xyz2 − yz + 1. Các phần tử trong đa thức được gọi là hạng tử. Trong hai ví dụ trước, x2 đều là hạng tử của đa thức.\r\n\r\nĐa thức xuất hiện trong nhiều lĩnh vực của khoa học và toán học. Ví dụ chẳng hạn, chúng được dùng để lập các phương trình đa thức cho phép mã hoá rất nhiều bài toán mới, từ những bài toán từ sơ cấp cho đến các bài toán phức tạp trong khoa học; Các đa thức còn được dùng để định nghĩa hàm đa thức xuất hiện trong nhiều bối cảnh trong khoa học, từ hoá học và vật lý cơ bản cho đến kinh tế học và khoa học xã hội. Trong toán học cao cấp, các đa thức được dùng để xây vành đa thức và đa tạp đại số, là các khái niệm trung tâm trong đại số hiện đại và hình học đại số.","bv_ngaydang":"2023-09-02 20:25:31","bv_luotxem":"100","bv_diemtrungbinh":"4"},
{"bv_ma":"5","dm_ma":"15","nd_username":"quyen","bv_tieude":"Việt Nam quê hương tôi","bv_noidung":"Việt Nam đất nước ta ơi!\r\n\r\nMênh mông biển lúa đâu trời đẹp hơn.\r\n\r\nCánh cò bay lả dập dờn,\r\n\r\nMây mờ che đỉnh Trường Sơn sớm chiều.\r\n\r\nQuê hương biết mấy thân yêu,\r\n\r\nBao nhiêu đời đã chịu nhiều thương đau.\r\n\r\nMặt người vất vả in sâu,\r\n\r\nGái trai cũng một áo nâu nhuộm bùn.\r\n\r\nĐất nghèo nuôi những anh hùng,\r\n\r\nChìm trong máu chảy lại vùng đứng lên.\r\n\r\nĐạp quân thù xuống đất đen,\r\n\r\nSúng gươm vứt bỏ lại hiền như xưa\r\n\r\n\r\n\r\nXem thêm tại: https:\/\/loigiaihay.com\/chinh-ta-viet-nam-than-yeu-trang-6-sgk-tieng-viet-lop-5-tap-1-c117a17427.html#ixzz8CA7P0bd4","bv_ngaydang":"2023-09-02 21:04:02","bv_luotxem":"100","bv_diemtrungbinh":"4"}
]
}
]
